A,Qatar,https://en.wikipedia.org/wiki/Qatar_national_football_team,iVBORw0KGgoAAAANSUhEUgAAABcAAAAJBAMAAAAr2Kp4AAAABGdBTUEAALGPC/xhBQAAACBjSFJNAAB6JgAAgIQAAPoAAACA6AAAdTAAAOpgAAA6mAAAF3CculE8AAAAD1BMVEX////9+vvPoK6VLEyKFTi5MywGAAAAAWJLR0QAiAUdSAAAAAd0SU1FB+YDFxQDNnkfij8AAAAUSURBVAjXY2BgYBAycQEDBwY6cQA2pxMPt9UoIAAAACV0RVh0ZGF0ZTpjcmVhdGUAMjAyMi0wMy0yM1QyMDowMzo1NCswMDowMMqYWDcAAAAldEVYdGRhdGU6bW9kaWZ5ADIwMjItMDMtMjNUMjA6MDM6NTQrMDA6MDC7xeCLAAAAAElFTkSuQmCC
A,Ecuador,https://en.wikipedia.org/wiki/Ecuador_national_football_team,iVBORw0KGgoAAAANSUhEUgAAABcAAAAPCAMAAAA4caRkAAAABGdBTUEAALGPC/xhBQAAACBjSFJNAAB6JgAAgIQAAPoAAACA6AAAdTAAAOpgAAA6mAAAF3CculE8AAAAn1BMVEX/3QDnyQ3WvB7ZvBz11Qn21gOrjxaXfiGWhlOScxyxkxf41gP32RPZxBzLvyCVikni0hfZwxvqyxjBxB2Rtpt+vqiAq5GhuSWBllGKmEqRgEuitJ+hvKyeuZuRgUqJl0oDTqIRVpljdWVllIojfpNsl5AHUaKsrj+OgGSLiV6EcFaqrTcJUqMZW6FFdHtRVXM4bIOzKUS3KUDtHCT///8MWnqiAAAAAWJLR0Q0qbHp/QAAAAd0SU1FB+EICQorMu+ET/MAAABkSURBVBjTY2CgNmBkYmBmwRRmZWPn4OTixhDn4eXjFxDkwRAXEhYRFRMXgvMloEBSSlpGVk4exmVQgAJFJWUVVSVFGBcurqauoamlrYYhrqOrp2+gqwMXN0QAIyQ2gzF2QKo4AMfJHugfC1yWAAAAJXRFWHRkYXRlOmNyZWF0ZQAyMDE3LTA4LTA5VDEwOjQzOjUwKzAwOjAwRXtVRwAAACV0RVh0ZGF0ZTptb2RpZnkAMjAxNy0wOC0wOVQxMDo0Mzo1MCswMDowMDQm7fsAAAAASUVORK5CYII=
A,Senegal,https://en.wikipedia.org/wiki/Senegal_national_football_team,iVBORw0KGgoAAAANSUhEUgAAABcAAAAPCAMAAAA4caRkAAAABGdBTUEAALGPC/xhBQAAACBjSFJNAAB6JgAAgIQAAPoAAACA6AAAdTAAAOpgAAA6mAAAF3CculE8AAAAOVBMVEUAhT9UqUD970LrYS3jGyOQwUG10UGrzEERi0CpzEG10kHa4UIXj0AYjz8/oD80m0BCoT/J2kL////7tcppAAAAAWJLR0QSe7xsAAAAAAd0SU1FB+EICQsRGBBUMmsAAAA0SURBVBjTY2CAAEYmCGBmgQAGOoqzYhVnY+fg5MIizs3DwMuNzRw+fgGs5gsC4YD4C1kcADTdAz7KgcEuAAAAJXRFWHRkYXRlOmNyZWF0ZQAyMDE3LTA4LTA5VDExOjE3OjI0KzAwOjAwHtut8AAAACV0RVh0ZGF0ZTptb2RpZnkAMjAxNy0wOC0wOVQxMToxNzoyNCswMDowMG+GFUwAAAAASUVORK5CYII=
A,Netherlands,https://en.wikipedia.org/wiki/Netherlands_national_football_team,iVBORw0KGgoAAAANSUhEUgAAABcAAAAPAgMAAABywbzFAAAABGdBTUEAALGPC/xhBQAAACBjSFJNAAB6JgAAgIQAAPoAAACA6AAAdTAAAOpgAAA6mAAAF3CculE8AAAACVBMVEWuHCj///8hRottIBdsAAAAAWJLR0QB/wIt3gAAAAd0SU1FB+QIFBElOQQY6ZUAAAAWSURBVAjXY2AgDEJBIAQvtQoEVuCjAGabHdQD7jvvAAAAJXRFWHRkYXRlOmNyZWF0ZQAyMDIwLTA4LTIwVDE3OjM3OjU3KzAwOjAwxwRBDAAAACV0RVh0ZGF0ZTptb2RpZnkAMjAyMC0wOC0yMFQxNzozNzo1NyswMDowMLZZ+bAAAAAASUVORK5CYII=
B,England,https://en.wikipedia.org/wiki/England_national_football_team,iVBORw0KGgoAAAANSUhEUgAAABcAAAAOBAMAAAA23ZrAAAAABGdBTUEAALGPC/xhBQAAACBjSFJNAAB6JgAAgIQAAPoAAACA6AAAdTAAAOpgAAA6mAAAF3CculE8AAAAD1BMVEX////ULT7OESTroKfRIjOGZM2CAAAAAWJLR0QAiAUdSAAAAAd0SU1FB+EICRMFJu2uCl0AAAAkSURBVAjXY2AAASEBBgQgkWMMAk7OINKAQQkBFFA5KMootRQAYaMJgWhP7HMAAAAldEVYdGRhdGU6Y3JlYXRlADIwMTctMDgtMDlUMTk6MDU6MzcrMDA6MDB84WtjAAAAJXRFWHRkYXRlOm1vZGlmeQAyMDE3LTA4LTA5VDE5OjA1OjM3KzAwOjAwDbzT3wAAAABJRU5ErkJggg==
B,Iran,https://en.wikipedia.org/wiki/Iran_national_football_team,iVBORw0KGgoAAAANSUhEUgAAABcAAAANCAMAAAB1uQVvAAAABGdBTUEAALGPC/xhBQAAACBjSFJNAAB6JgAAgIQAAPoAAACA6AAAdTAAAOpgAAA6mAAAF3CculE8AAAAolBMVEUjn0BCrVtQs2dKsGJNsWVNsWNOsmVMsWRLsGNPsmZKsGNMsGNLsWLD5cvJ58/H587I5s7G5s/I58/G58/I5s/E5cv////3xsbxo6P87e3ukZHvjo7vkpL97u72xcXnW1v2x8f2vLz2wMD2vr72v7/1vr72vb31v7/2wcH1urrfISHiNTXgLCzhMzPhLy/gMDDhMjLhMTHgLy/hMDDgKSnaAABaHuESAAAAAWJLR0QWfNGoGQAAAAd0SU1FB+EICgE2JPrc1rEAAAB9SURBVBjTY2CgEmBkYmZhZWNn4uDkYuNmYWfj4ORhYmZiZODl4+cTAEJBIX4hYSAbCIVE+EQZxOBAXEIcwUGIS0pJy8hiEReTk1dAUq+opKykoqQEJFXV1JVUldQ1VDVUNDQZtLR1dPWAUN9Az9DI2BAIDIDYhMEUOyBVHAAXBh3grURbvgAAACV0RVh0ZGF0ZTpjcmVhdGUAMjAxNy0wOC0xMFQwMTo1NDozNiswMDowMNnSUC0AAAAldEVYdGRhdGU6bW9kaWZ5ADIwMTctMDgtMTBUMDE6NTQ6MzYrMDA6MDCoj+iRAAAAAElFTkSuQmCC
B,USA,https://en.wikipedia.org/wiki/United_States_men%27s_national_soccer_team,iVBORw0KGgoAAAANSUhEUgAAABcAAAAMCAMAAAC+5dbKAAAABGdBTUEAALGPC/xhBQAAACBjSFJNAAB6JgAAgIQAAPoAAACA6AAAdTAAAOpgAAA6mAAAF3CculE8AAAAnFBMVEVZWIQ+PXBaWYRYV4NAP3FUU4BEQ3SfNUy4M0RRUH1bWoRZWYRhYIpXVoJjYotdXIdTUn/Ovcnz3eBHRnZQT3xbWoVMS3pcW4apUGXEVWNfXodlZI1YWIRdXIVkY4xdXIZYV4LForDnu8FGRXZIR3dZWIOya37Qd4JUVIBcXIZYWINjY4u8h5jcmqKTcIuSboqSb4qTb4vNkZ3///92Ad7FAAAAAWJLR0QzN9V8XgAAAAd0SU1FB+EICRMGJCiNOLIAAABvSURBVBjTbcjHEoJAEAXAxywIIkkQVkwEA5gG8f8/zutYNX1swCHjkrcgP5CwDFcRxUmarXMJBW2orKwttrWE2Oz2h+OpabteAp2b9GKvVXkbJIzmnrSPJ42vtwSemD88z/z9/0GHXodah1yHQPcDY7McT1FbsogAAAAldEVYdGRhdGU6Y3JlYXRlADIwMTctMDgtMDlUMTk6MDY6MzYrMDA6MDAxodvUAAAAJXRFWHRkYXRlOm1vZGlmeQAyMDE3LTA4LTA5VDE5OjA2OjM2KzAwOjAwQPxjaAAAAABJRU5ErkJggg==
B,Wales,https://en.wikipedia.org/wiki/Wales_national_football_team,iVBORw0KGgoAAAANSUhEUgAAABcAAAAOCAMAAADzLXfBAAAABGdBTUEAALGPC/xhBQAAACBjSFJNAAB6JgAAgIQAAPoAAACA6AAAdTAAAOpgAAA6mAAAF3CculE8AAABhlBMVEX////99/jlj5322d311dr++vv++/zxw8vhfIzMPFPIEC7KGDX44ub77/HfdYfKGTbyxczigZHpoKz55Ofhe4vnkqDYVmvLHTnrprHutr/MIz7vusLhfY3pnqv89PX11Nr32t/rp7LJFjPutL322N3IEjDkjJr+/P3yyM/UQ1rmkZ/23ODQNEzsrLj0ztTus73VSF/TQlnjhpX++frURFv33eH//f3LHjrJFTLcaHvOKEPJEzDljZv21tvVSWDdbH4AsUAjlT6JQzR2UTUUoj/HES6QPTMToj4Npz8FrD+SPDO+GC/AFi+7Gi/FEy5nXjcIqz8LqD+lLDGHRTTGES6zITBvWDYPpT5AfjtbZzitJjFhYzcBsEAYnT5VbThMdDkCsD9KdjmpKTHDFC9dZjd5UDU3hDsIq0BxVjVjYjeoKTEKqT9PczqERzRwVzaaNTI4hDsGrD+BSDRSbzm0IDAZnT4DrkBiYjhPcTk8gTtEejosjz1GejotjTsCr0BBfTtJdjpDezmLPdvXAAAAAWJLR0QAiAUdSAAAAAd0SU1FB+YEGAo4D+ZTrzMAAADfSURBVBjTY2DADxiZmEEUCyMDKyNUiI2RnYOTi5uHgYGXj19AUIiBQRgiISLKISbOJcEgKcUFBNIMMrJgYTl5VgVFJS5lFVWQsJq6hqYWWFxbR5eBg4tfTx8kzKVgYGhkDDHHxNTMnMvC0gooam1ja2NnDxJ0cHB0cnbhQgBXN3cHBweguIenlzdUzMeXy88/wAEi7uAQGBTMFRLqzMUVFh4RGRUdAxN3iI1zi09ISExKTnFwSE2DqU/PyMzKdsjJzcsvKCwqLimFiZeVV1RWOVTX1NZk19U3RDQizMEEAJdUNe3CKbfNAAAAJXRFWHRkYXRlOmNyZWF0ZQAyMDIyLTA0LTI0VDEwOjU2OjE1KzAwOjAwtH1smgAAACV0RVh0ZGF0ZTptb2RpZnkAMjAyMi0wNC0yNFQxMDo1NjoxNSswMDowMMUg1CYAAAAASUVORK5CYII=
C,Argentina,https://en.wikipedia.org/wiki/Argentina_national_football_team,iVBORw0KGgoAAAANSUhEUgAAABcAAAAOBAMAAAA23ZrAAAAABGdBTUEAALGPC/xhBQAAACBjSFJNAAB6JgAAgIQAAPoAAACA6AAAdTAAAOpgAAA6mAAAF3CculE8AAAAJ1BMVEV0rN+iyOr///////7+9N386b7/+vDxzHjlpBvyz3v/+vHooxzxzXmOxmdwAAAAAWJLR0QCZgt8ZAAAAAd0SU1FB+EICgEmGwZ46d0AAAAqSURBVAjXY2AgAwgigACDEhAouzqDKAUwR61iFoKjNfsYggNXhmIAGQAAtGQKcMLzRdEAAAAldEVYdGRhdGU6Y3JlYXRlADIwMTctMDgtMTBUMDE6Mzg6MjcrMDA6MDBBhnHKAAAAJXRFWHRkYXRlOm1vZGlmeQAyMDE3LTA4LTEwVDAxOjM4OjI3KzAwOjAwMNvJdgAAAABJRU5ErkJggg==
C,Saudi Arabia,https://en.wikipedia.org/wiki/Saudi_Arabia_national_football_team,iVBORw0KGgoAAAANSUhEUgAAABcAAAAPCAMAAAA4caRkAAAABGdBTUEAALGPC/xhBQAAACBjSFJNAAB6JgAAgIQAAPoAAACA6AAAdTAAAOpgAAA6mAAAF3CculE8AAAAsVBMVEUAbDUbfEojgFEJcTwlgVI4jGEXeUcrhVcae0qMvaSiybVYn3tgo4GJu6KTwambxbBrqopkpoSmzLidx7EIcTuSwKmUwapcoX5boH2ZxK5uq4yBtpsUeEUNcz9mp4aHuqBXnnpvrI2gyLSv0cCDuJ1fo4CEuJ4igFAZekk/kGdJlm80il5don8ziV0gfk49j2U+kGYWeUZMmHEEbjgthllWnnlVnXhpqYg7jmQwiFv////Ek3LpAAAAAWJLR0Q6TgnE+gAAAAd0SU1FB+EICBMkNCo0CZMAAABkSURBVBjTY2CgKmBkYmZhYWVhY2NnRBbm4OTi5uHl4xcQFBJmRhIX4RQVE5eQlBLgkeaUQRKXlZNXUFRSVlGVU5NWRxLX0NTS1mHT1dM3MDQypsihJqZmIGBugV2ayZK64cIAAHUnB89v6zvnAAAAJXRFWHRkYXRlOmNyZWF0ZQAyMDE3LTA4LTA4VDE5OjM2OjUxKzAwOjAwBeMbTQAAACV0RVh0ZGF0ZTptb2RpZnkAMjAxNy0wOC0wOFQxOTozNjo1MSswMDowMHS+o/EAAAAASUVORK5CYII=
C,Mexico,https://en.wikipedia.org/wiki/Mexico_national_football_team,iVBORw0KGgoAAAANSUhEUgAAABcAAAANCAMAAAB1uQVvAAAABGdBTUEAALGPC/xhBQAAACBjSFJNAAB6JgAAgIQAAPoAAACA6AAAdTAAAOpgAAA6mAAAF3CculE8AAAAbFBMVEUAaEdUmoT////eYG7OESb7+fj+/v3jzKiwglt+Uzzt5+P28+fJu5eTb019SzSdemrp6tvU2M7XvoqKbVOGbWDAtKno6dn8/PrM1r+PvcGAqZSTtafX0bf7+/rq69zN2sK7vKTL18Xp6939/f0PjLc1AAAAAWJLR0QCZgt8ZAAAAAd0SU1FB+EJBAs5Lzq+yKMAAABGSURBVBjTY2CAAEYmCGBmgQAGCsRZsYqzsXNwcmER5+bh5ePHFBcQFBIWERXDEBeXkJSSlpHFNEdOXkFRCat7lKnkL2RxAIwgBIX0I2SFAAAAJXRFWHRkYXRlOmNyZWF0ZQAyMDE3LTA5LTA0VDExOjU3OjQ3KzAwOjAwhy0PaQAAACV0RVh0ZGF0ZTptb2RpZnkAMjAxNy0wOS0wNFQxMTo1Nzo0NyswMDowMPZwt9UAAAAASUVORK5CYII=
C,Poland,https://en.wikipedia.org/wiki/Poland_national_football_team,iVBORw0KGgoAAAANSUhEUgAAABcAAAAOCAYAAADE84fzAAAABmJLR0QA/wD/AP+gvaeTAAAAJUlEQVQ4jWP8////fwYaASZaGTxq+DA0nPGOiM1oUhw1fBAYDgACnAZCDSzrywAAAABJRU5ErkJggg==
D,France,https://en.wikipedia.org/wiki/France_national_football_team,iVBORw0KGgoAAAANSUhEUgAAABcAAAAPBAMAAAD9gUllAAAABGdBTUEAALGPC/xhBQAAACBjSFJNAAB6JgAAgIQAAPoAAACA6AAAdTAAAOpgAAA6mAAAF3CculE8AAAAD1BMVEUAI5VUa7j////zcHvtKTm3QYn6AAAAAWJLR0QCZgt8ZAAAAAd0SU1FB+EICgkYDMp9Jt8AAAAYSURBVAjXY2BgYGBUUlJSdnFxcWAYkhwA0kMXyxRjv6sAAAAldEVYdGRhdGU6Y3JlYXRlADIwMTctMDgtMTBUMDk6MjQ6MTIrMDA6MDAcgLWtAAAAJXRFWHRkYXRlOm1vZGlmeQAyMDE3LTA4LTEwVDA5OjI0OjEyKzAwOjAwbd0NEQAAAABJRU5ErkJggg==
D,Australia,https://en.wikipedia.org/wiki/Australia_men%27s_national_soccer_team,iVBORw0KGgoAAAANSUhEUgAAABcAAAAMCAMAAAC+5dbKAAAABGdBTUEAALGPC/xhBQAAACBjSFJNAAB6JgAAgIQAAPoAAACA6AAAdTAAAOpgAAA6mAAAF3CculE8AAAAyVBMVEXkgJfesMBecqADI2o2T4jpLFDEgZwBIWkkPHu4bo/yk6Zvcp0HJm2CX4rme5PZsMJ5irDJhJ+laI3vh5y/scY0TYcaN3hbb57vZX/mETnrRGSeZYsfO3thdaEQLnJneqXnrr7cdI6IfqTIhJ+Kk7bwoLHNb4w+SIIKKW6ap8RAWI7krL3gfJVzYI4hPXyjpcDyl6mDX4oUMnSfq8cFJGsGJWxPZZczTYYCImo5Uorn6vGgrMdJYJPl6PCnsssRL3IoQ4AnQn////8sKdNdAAAAAWJLR0RCENc99AAAAAd0SU1FB+YDBwo6Ma9eS8MAAACKSURBVBjTY2BgZGJmYWVj5+Dk4mZHAAYeXj5+AVZBIWERUbCAmDhEXAIEJKVApDRIQEYWuzgQyDGDzJFXUFRiVVZRVVNnZ9dgAYlragHFtXV0wfbq6RsYshsZmwDFTU2B4uwYwAxsPogwMWe2QJMEi1taWbNjE7extbOHCcDcDyYdHOEKYe5nxw4AS1kQC5zppwQAAAAldEVYdGRhdGU6Y3JlYXRlADIwMjItMDMtMDdUMTA6NTg6NDkrMDA6MDCSPpdHAAAAJXRFWHRkYXRlOm1vZGlmeQAyMDIyLTAzLTA3VDEwOjU4OjQ5KzAwOjAw42Mv+wAAAABJRU5ErkJggg==
D,Denmark,https://en.wikipedia.org/wiki/Denmark_national_football_team,iVBORw0KGgoAAAANSUhEUgAAABQAAAAPBAMAAAAWtvJmAAAABGdBTUEAALGPC/xhBQAAACBjSFJNAAB6JgAAgIQAAPoAAACA6AAAdTAAAOpgAAA6mAAAF3CculE8AAAAFVBMVEXGDDDjiZr////rqrfnl6fzzdT22+ALBQzlAAAAAWJLR0QCZgt8ZAAAAAd0SU1FB+EICgEuAqrKyxUAAAAiSURBVAjXY2BgYBAyYIABcpguLi5BKS4gwKAEB8iiFFsBAEQ8Chkxk6t4AAAAJXRFWHRkYXRlOmNyZWF0ZQAyMDE3LTA4LTEwVDAxOjQ2OjAyKzAwOjAwZml8IAAAACV0RVh0ZGF0ZTptb2RpZnkAMjAxNy0wOC0xMFQwMTo0NjowMiswMDowMBc0xJwAAAAASUVORK5CYII=
D,Tunisia,https://en.wikipedia.org/wiki/Tunisia_national_football_team,iVBORw0KGgoAAAANSUhEUgAAABcAAAAPCAMAAAA4caRkAAAABGdBTUEAALGPC/xhBQAAACBjSFJNAAB6JgAAgIQAAPoAAACA6AAAdTAAAOpgAAA6mAAAF3CculE8AAAAe1BMVEXnABPqGyzsOUjoDiD2oKf95ef5ur/83+H2n6b3qa/0j5fpGSr1kJj4tLr3rbPrLDz82t3nAxb5vMH5wcb4sbf71dj////rKzvuTlv3rLLnAhX86OnvWWX84OL82975u8DrKjr3qK71j5f3paz2nqX84eP2naToDR/pGivISBk2AAAAAWJLR0QWfNGoGQAAAAd0SU1FB+EICgIUGp5JM2MAAABZSURBVBjTY2CgOmBkYsQiyszCysbOwYwhzsnFzcPLzocuzC8gKCQsIiomjiYuISklLSMlKyaBrl5OUB6kXgHdIEUebiVedmVM96iwsqmqqWNxqQaTBvUDBQC/ogRdb2W0fQAAACV0RVh0ZGF0ZTpjcmVhdGUAMjAxNy0wOC0xMFQwMjoyMDoyNiswMDowMIhiiYQAAAAldEVYdGRhdGU6bW9kaWZ5ADIwMTctMDgtMTBUMDI6MjA6MjYrMDA6MDD5PzE4AAAAAElFTkSuQmCC
E,Spain,https://en.wikipedia.org/wiki/Spain_national_football_team,iVBORw0KGgoAAAANSUhEUgAAABcAAAAPCAMAAAA4caRkAAAABGdBTUEAALGPC/xhBQAAACBjSFJNAAB6JgAAgIQAAPoAAACA6AAAdTAAAOpgAAA6mAAAF3CculE8AAAAgVBMVEXGCx7UORb/xAD6wgLklBHNhhXchRH5vQblqATXfwvKfBrSnzjwtQv0vAH9vwHVmD67YRPFgE7anrbcqE3rsiD4tgLWlVG8aSd5UVrGjHPZn1Dknyj8vwHevkK9bCG7Yja0SxLdqT3rux77wgbcuSr2vQznwTbzuhvqvBrsvhX///9KgMvKAAAAAWJLR0QqU77UngAAAAd0SU1FB+EICRMGFA5UCB4AAABOSURBVBjTY2CgEmDEDhiYIICZCRVAxVlY2dixiHNwcnHz8GKI8/ELCAoJi2CIi4qJS0hKSWOIy8jKySsoKmGIK6uoqqlraKKI43I/lQAAwI8EfW8R2sAAAAAldEVYdGRhdGU6Y3JlYXRlADIwMTctMDgtMDlUMTk6MDY6MjArMDA6MDCe2+5wAAAAJXRFWHRkYXRlOm1vZGlmeQAyMDE3LTA4LTA5VDE5OjA2OjIwKzAwOjAw74ZWzAAAAABJRU5ErkJggg==
E,Costa Rica,https://en.wikipedia.org/wiki/Costa_Rica_national_football_team,iVBORw0KGgoAAAANSUhEUgAAABcAAAAOBAMAAAA23ZrAAAAABGdBTUEAALGPC/xhBQAAACBjSFJNAAB6JgAAgIQAAPoAAACA6AAAdTAAAOpgAAA6mAAAF3CculE8AAAAD1BMVEUAK3+rudX////vsLfOESZU65NOAAAAAWJLR0QCZgt8ZAAAAAd0SU1FB+EICAEcGBDRrpUAAAAnSURBVAjXY2DACQQRQIBBCQEUGIwRwIDBBQEciOWgGIBiNIqlOAEA5jUWNa8jmn0AAAAldEVYdGRhdGU6Y3JlYXRlADIwMTctMDgtMDhUMDE6Mjg6MjQrMDA6MDBFVeCbAAAAJXRFWHRkYXRlOm1vZGlmeQAyMDE3LTA4LTA4VDAxOjI4OjI0KzAwOjAwNAhYJwAAAABJRU5ErkJggg==
E,Germany,https://en.wikipedia.org/wiki/Germany_national_football_team,iVBORw0KGgoAAAANSUhEUgAAABcAAAAOBAMAAAA23ZrAAAAABGdBTUEAALGPC/xhBQAAACBjSFJNAAB6JgAAgIQAAPoAAACA6AAAdTAAAOpgAAA6mAAAF3CculE8AAAAElBMVEUAAABKAADdAAD0igD/zgD///80cvsrAAAAAWJLR0QF+G/pxwAAAAd0SU1FB+EICgkYEjByG7wAAAAgSURBVAjXY2AgAwgigACDEgIoEMsxRgADBhcEcCCSAwB5zRY1PJlWIAAAACV0RVh0ZGF0ZTpjcmVhdGUAMjAxNy0wOC0xMFQwOToyNDoxNyswMDowME64mgoAAAAldEVYdGRhdGU6bW9kaWZ5ADIwMTctMDgtMTBUMDk6MjQ6MTcrMDA6MDA/5SK2AAAAAElFTkSuQmCC
E,Japan,https://en.wikipedia.org/wiki/Japan_national_football_team,iVBORw0KGgoAAAANSUhEUgAAABcAAAAPCAMAAAA4caRkAAAABGdBTUEAALGPC/xhBQAAACBjSFJNAAB6JgAAgIQAAPoAAACA6AAAdTAAAOpgAAA6mAAAF3CculE8AAAAWlBMVEX////78fPceJDFIUi9BTHFIknceZH88vT77vHILFG8AC3ILVL77/LXZoHXaIP+/P2/DDe/DTj66+/67O/ADjnXZ4LYaYPILlP78PPcepG+BjLFI0rce5L88/UUixQWAAAAAWJLR0QAiAUdSAAAAAd0SU1FB+EICRMGAWOJ7PUAAABRSURBVBjTY2CgMmBkYmZhZWNHF+bg5AIBbh40cV4uCOBDFeYXgIoL8qOIC3HBgDCqekGosAiqegZRqLgYmr083GBhcQl0h7JLskpJy8hSO1gAgZUD4bUoRZgAAAAldEVYdGRhdGU6Y3JlYXRlADIwMTctMDgtMDlUMTk6MDY6MDArMDA6MDDc/ukNAAAAJXRFWHRkYXRlOm1vZGlmeQAyMDE3LTA4LTA5VDE5OjA2OjAwKzAwOjAwraNRsQAAAABJRU5ErkJggg==
F,Belgium,https://en.wikipedia.org/wiki/Belgium_national_football_team,iVBORw0KGgoAAAANSUhEUgAAABcAAAAPBAMAAAD9gUllAAAABGdBTUEAALGPC/xhBQAAACBjSFJNAAB6JgAAgIQAAPoAAACA6AAAdTAAAOpgAAA6mAAAF3CculE8AAAAElBMVEUAAABSShb64ELxZjztKTn///9BxA/wAAAAAWJLR0QF+G/pxwAAAAd0SU1FB+EICBIuEgMUDtMAAAAYSURBVAjXY2BgYGBUUlJSdnFxcWAYkhwA0kMXyxRjv6sAAAAldEVYdGRhdGU6Y3JlYXRlADIwMTctMDgtMDhUMTg6NDY6MTgrMDA6MDDgnJxiAAAAJXRFWHRkYXRlOm1vZGlmeQAyMDE3LTA4LTA4VDE4OjQ2OjE4KzAwOjAwkcEk3gAAAABJRU5ErkJggg==
F,Canada,https://en.wikipedia.org/wiki/Canada_men%27s_national_soccer_team,iVBORw0KGgoAAAANSUhEUgAAABcAAAAMCAMAAAC+5dbKAAAABGdBTUEAALGPC/xhBQAAACBjSFJNAAB6JgAAgIQAAPoAAACA6AAAdTAAAOpgAAA6mAAAF3CculE8AAAATlBMVEXfYVj++/vVKx7////gYFbql5H5393rmZL//fz88vHVLB/tpaDlfnbaRDjrm5XpkYvvrajWLyLWLiLtpqHhZl3eWE7eWlD//v7zxcHvr6pP4x2+AAAAAnRSTlP5/XDhGW0AAAABYktHRAMRDEzyAAAAB3RJTUUH5QEJBxEp3hHrUgAAAGJJREFUGNNt0NcOgCAMBVAsyB4OcPz/j4pgomm9SUtyHppSBncYf8O6tC6ajK0L5FKBktS1sWCNxu68ChCUd8gj9ETk6fGE509zfZeV7pPLVvLPnjs/alHn/CT/6ncYPne4AD/jBD0Yr/ZVAAAAJXRFWHRkYXRlOmNyZWF0ZQAyMDIxLTAxLTA5VDA3OjE3OjQxKzAwOjAwbTFLGwAAACV0RVh0ZGF0ZTptb2RpZnkAMjAyMS0wMS0wOVQwNzoxNzo0MSswMDowMBxs86cAAAAASUVORK5CYII=
F,Morocco,https://en.wikipedia.org/wiki/Morocco_national_football_team,iVBORw0KGgoAAAANSUhEUgAAABcAAAAPBAMAAAD9gUllAAAABGdBTUEAALGPC/xhBQAAACBjSFJNAAB6JgAAgIQAAPoAAACA6AAAdTAAAOpgAAA6mAAAF3CculE8AAAAJFBMVEXBJy2DOi+cMy6MNy8jVzKtLS1CTjF3PjBVSDFRSTGmLy7///8cXlosAAAAAWJLR0QLH9fEwAAAAAd0SU1FB+EICgIFHCTztUYAAAAhSURBVAjXY2CgCmBEYjOZGCE4rOmpSFKdDUicBQuoYzcALrUDhJgIO0UAAAAldEVYdGRhdGU6Y3JlYXRlADIwMTctMDgtMTBUMDI6MDU6MjgrMDA6MDBmGIBcAAAAJXRFWHRkYXRlOm1vZGlmeQAyMDE3LTA4LTEwVDAyOjA1OjI4KzAwOjAwF0U44AAAAABJRU5ErkJggg==
F,Croatia,https://en.wikipedia.org/wiki/Croatia_national_football_team,iVBORw0KGgoAAAANSUhEUgAAABcAAAAMCAMAAAC+5dbKAAAABGdBTUEAALGPC/xhBQAAACBjSFJNAAB6JgAAgIQAAPoAAACA6AAAdTAAAOpgAAA6mAAAF3CculE8AAAAaVBMVEX/AAD2EhfoLDP3FBZUkrF3G2Q6fn9PQmhXmbj/AQFdqNeeSXyJgZWFZI+jgZT/////WVn/vb3/Pz//ubn/TU3/ysr/urr/VVX/Njb/u7v/QkL/1dUXF5ZCJYv0rrT/MTH0rbNBJIsmG5Hh2QJMAAAAAWJLR0QPGLoA2QAAAAd0SU1FB+EICBI1HE2a6E4AAABYSURBVBjTY2AgCBiZGLGIMrOwsrFzMGOIc3Jx8/DyccL5/DAgICgkKADnIcSFRURFxLCIiwtKCIpjEZeUkpaSRIjLwICsnLyCIpyHEJeRUUJiI4vLECEOAJGHEHff6abhAAAAJXRFWHRkYXRlOmNyZWF0ZQAyMDE3LTA4LTA4VDE4OjUzOjI4KzAwOjAwSbSPBQAAACV0RVh0ZGF0ZTptb2RpZnkAMjAxNy0wOC0wOFQxODo1MzoyOCswMDowMDjpN7kAAAAASUVORK5CYII=
G,Brazil,https://en.wikipedia.org/wiki/Brazil_national_football_team,iVBORw0KGgoAAAANSUhEUgAAABYAAAAPCAMAAADXs89aAAAABGdBTUEAALGPC/xhBQAAACBjSFJNAAB6JgAAgIQAAPoAAACA6AAAdTAAAOpgAAA6mAAAF3CculE8AAAA4VBMVEUAmzoHnTg9qyzU1Ara1ghErSsRoDaYxBf43ALLuhj53AKpyRMVoDUBmzpetCXp2gWzqCMaOmoAJ3YbO2q1qiLt2gRvuSECnDolpTK6zQ/+3wDNuxcYOn0JL3sEKXTJuRnBzw4rpzAInTh/vR333QKLnJBmjqVulKmAnrZ9n7JafqYCKXdQYVH53gGQwhkLnjcDnDm2zBAsRmIONX9FapKHp7hWb39XaFkfRoAFLHsXPn8UO38UOYOBkYMMMXkQN4AIL3wgR38lSIHKuhi0qSIBKHcwTXu2qyHMuxf63AL///8D8xIdAAAAAWJLR0RKHgy1xgAAAAd0SU1FB+EICRMFIXPKn/4AAACTSURBVBjTY2AgBBgZsYkyMbOwYgiysXNwcnJx86AI8vLxCwgKCQmLiIqJI0QlJKWkZWSFhITk5KUUFKGCSsoqUlKqauoamlraOlJSunr6IFEDQykgMBIyFhIyMTUDsQ0N4KrNLSytrIVsbOGqoWbb2TsYOzo5I8yGuMRF2NXVzR3FJWB3c3l4eKK5G6cvcYYJCgAATsgQdNadYMgAAAAldEVYdGRhdGU6Y3JlYXRlADIwMTctMDgtMDlUMTk6MDU6MzMrMDA6MDCIrk9wAAAAJXRFWHRkYXRlOm1vZGlmeQAyMDE3LTA4LTA5VDE5OjA1OjMzKzAwOjAw+fP3zAAAAABJRU5ErkJggg==
G,Serbia,https://en.wikipedia.org/wiki/Serbia_national_football_team,iVBORw0KGgoAAAANSUhEUgAAABcAAAAPCAMAAAA4caRkAAAABGdBTUEAALGPC/xhBQAAACBjSFJNAAB6JgAAgIQAAPoAAACA6AAAdTAAAOpgAAA6mAAAF3CculE8AAAA0lBMVEXGNjzENzyzRT3DREK/flK6X0W8gVC/fFLCVUbESkO4dD7BaDXAdTy9eTi6Xz+/dDjMjzPCjDLCiDTEOjwMQHaQT2PQbmPSk3zbh4fFZEXZe38ZP3LLsbjnxsfdnp3s1tXWgoLu4OGwj5jezs7GbXHYm53Pl5nTu7uykZrhzczZlpjvycrSkJLbxcSshJLduLjPe33boKLPmZrguroVQHP////mr6rReEbpxMX89/fKZ0vXgGr9+fnXfVTrubL02drVdk3vw7/++vruxsjrubz35eZiG6/bAAAAAWJLR0Q13rbZawAAAAd0SU1FB+IBCwIDJGmT3eQAAAB3SURBVBjTY2DADxiZsIkys7CysXNginNycfPw8mHRwC8gKCSMIiICAqJi4hKSUtIiCAARl5GVk1dQxBRXUlZRVVPHFNfQ1NLW0cUU19M3MDQyNkEWNwUBM3MLSytrUyQAEbextbN3cMQUN3VydnE1xSKOAXCJAwA+XyQ31So95AAAACV0RVh0ZGF0ZTpjcmVhdGUAMjAxOC0wMS0xMVQwMjowMzozNiswMDowMFsin9QAAAAldEVYdGRhdGU6bW9kaWZ5ADIwMTgtMDEtMTFUMDI6MDM6MzYrMDA6MDAqfydoAAAAAElFTkSuQmCC
G,Switzerland,https://en.wikipedia.org/wiki/Switzerland_national_football_team,iVBORw0KGgoAAAANSUhEUgAAABAAAAAQAgMAAABinRfyAAAABGdBTUEAALGPC/xhBQAAACBjSFJNAAB6JgAAgIQAAPoAAACA6AAAdTAAAOpgAAA6mAAAF3CculE8AAAADFBMVEX/AAD/gID/////wMCPMW4yAAAAAWJLR0QCZgt8ZAAAAAd0SU1FB+EICgISKADExWUAAAAgSURBVAjXY2BAA2wTkAnGuK0ODEyrVjVACDAXTQkqAACF8wnZ0QmJ9QAAACV0RVh0ZGF0ZTpjcmVhdGUAMjAxNy0wOC0xMFQwMjoxODo0MCswMDowMKfok8wAAAAldEVYdGRhdGU6bW9kaWZ5ADIwMTctMDgtMTBUMDI6MTg6NDArMDA6MDDWtStwAAAAAElFTkSuQmCC
G,Cameroon,https://en.wikipedia.org/wiki/Cameroon_national_football_team,iVBORw0KGgoAAAANSUhEUgAAABcAAAAPBAMAAAD9gUllAAAABGdBTUEAALGPC/xhBQAAACBjSFJNAAB6JgAAgIQAAPoAAACA6AAAdTAAAOpgAAA6mAAAF3CculE8AAAALVBMVEUAel5EWEzOESbtkhz80RbSICXQGiXVKyTtkRzPFybqhRzgXCDjZh/OEyb///8CmbUhAAAAAWJLR0QOb70wTwAAAAd0SU1FB+YEFQcpL3RW52UAAAAvSURBVAjXY2BgYGBUUlJSdnFxcWAgm6OKxFGrKENwNJesRFK2ZxMS59IlCi2FcgBLSRwWirLVDgAAACV0RVh0ZGF0ZTpjcmVhdGUAMjAyMi0wNC0yMVQwNzo0MTo0NyswMDowMNJ1jVYAAAAldEVYdGRhdGU6bW9kaWZ5ADIwMjItMDQtMjFUMDc6NDE6NDcrMDA6MDCjKDXqAAAAAElFTkSuQmCC
H,Portugal,https://en.wikipedia.org/wiki/Portugal_national_football_team,iVBORw0KGgoAAAANSUhEUgAAABcAAAAPCAMAAAA4caRkAAAABGdBTUEAALGPC/xhBQAAACBjSFJNAAB6JgAAgIQAAPoAAACA6AAAdTAAAOpgAAA6mAAAF3CculE8AAAAvVBMVEUAZgDMFAD/AAA1hgDeZAD/DAAygwGVwBFrphHsqhH/iBH/ZghPlQDx9xT8ZxH/QC/9ZRf9TxT+mET/nwCOuwDb6RT/KBz09vuyv9//g3v/bUn/iQDE3ACYwBT8YhWludmZq9PRiXH+gkL/1QD/AwB/swBCjQL9QCL019Kwv93/Yjv/rEL/lgApfwDR5ADHpzb+PCX/Jyf/hj3/3QP/wAAygwCMugBrpQXvtRL/hAD/ZwAwgwDdYgD/CwD///9RSum+AAAAAWJLR0Q+SWQA4wAAAAd0SU1FB+EICgIKLIWymSUAAABjSURBVBjTY2CAAUYmZMBArjgzCysWcTZ2Dk4ubgxxHl4+fgFBIWF0cRFRMXEJSSlpdHEZWTl5BUUlZRU0cVU1dQ1NLW0ddPW6evoGhkbGJhjuMTUzt7C0wuZ+axtbqoQDmjgAZQIIwVLIuP4AAAAldEVYdGRhdGU6Y3JlYXRlADIwMTctMDgtMTBUMDI6MTA6NDMrMDA6MDCF18mlAAAAJXRFWHRkYXRlOm1vZGlmeQAyMDE3LTA4LTEwVDAyOjEwOjQzKzAwOjAw9IpxGQAAAABJRU5ErkJggg==
H,Ghana,https://en.wikipedia.org/wiki/Ghana_national_football_team,iVBORw0KGgoAAAANSUhEUgAAABcAAAAPCAMAAAA4caRkAAAABGdBTUEAALGPC/xhBQAAACBjSFJNAAB6JgAAgIQAAPoAAACA6AAAdTAAAOpgAAA6mAAAF3CculE8AAAAOVBMVEXOESb80Raniw/6zxbrwxXjvRQWEgKfhA4MCgEAAAAJBwGOdgxURgdTRQf0yhWBawvxyBUAaz////+VDnlVAAAAAWJLR0QSe7xsAAAAAAd0SU1FB+MJGgMPJjljMW0AAAA5SURBVBjTY2AYIMCIAExIbLg4MwsrGysLM4Y4IzsHJxc3pnpGRh4OXizmMPLxC/DzIcQFsQNaiwMAgb8Iuna0LskAAAAldEVYdGRhdGU6Y3JlYXRlADIwMTktMDktMjZUMDM6MTU6MzgrMDA6MDCq8Ug/AAAAJXRFWHRkYXRlOm1vZGlmeQAyMDE5LTA5LTI2VDAzOjE1OjM4KzAwOjAw26zwgwAAAABJRU5ErkJggg==
H,Uruguay,https://en.wikipedia.org/wiki/Uruguay_national_football_team,iVBORw0KGgoAAAANSUhEUgAAABcAAAAPCAMAAAA4caRkAAAABGdBTUEAALGPC/xhBQAAACBjSFJNAAB6JgAAgIQAAPoAAACA6AAAdTAAAOpgAAA6mAAAF3CculE8AAAAhFBMVEX////9/Pvt4srj0a7t3sT+/v7X4PGqveLStX/IoUS/kifRsmbr3cKEn9UAOKjr3sLIn0LFkw/YqRLBkB3exov8+/rp2rzJoTzXqRHqvRTAkBfIpVf17+fu4s3PrmK5iibHlx7ClTbr3rr8+vf07eLdxJHZwIngzJ/17uOtv+NUesX7+fbQDaolAAAAAWJLR0QAiAUdSAAAAAd0SU1FB+EIHwAFAFSxmsoAAABdSURBVBjTdc9FDsAwEANAF1NmZsb//69Sb1Gyc/ZaXoCkqJpuwGQcwLBsx/XgBxwgjOIkzXIhX5RV3bSdUN8P4zQvq9CDbT/OC/fD+U9eycpHDoEc+S2TI3uoPOEDKusPsPI1e+sAAAAldEVYdGRhdGU6Y3JlYXRlADIwMTctMDgtMzFUMDA6MDU6MDArMDA6MDAN2n1bAAAAJXRFWHRkYXRlOm1vZGlmeQAyMDE3LTA4LTMxVDAwOjA1OjAwKzAwOjAwfIfF5wAAAABJRU5ErkJggg==
H,South Korea,https://en.wikipedia.org/wiki/South_Korea_national_football_team,iVBORw0KGgoAAAANSUhEUgAAABcAAAAPCAMAAAA4caRkAAAABGdBTUEAALGPC/xhBQAAACBjSFJNAAB6JgAAgIQAAPoAAACA6AAAdTAAAOpgAAA6mAAAF3CculE8AAAAzFBMVEX///+7u7v29vbf399PT09fX1+8vLzh4eH9/f1UVFRRUVFYWFisrKz67O311dj66uuxsbFjY2NnZ2dsbGzExMRbW1tmZmb88vPedn7OMT3NLjrNLzvedHz88/OVlZXT09N2dnbv7+/XaXPdcHjLwdHHLzyiM0+ZNFTLMDz44uSxpb9+N2FmO20AR6BPPnnyys3UytgCR58uQYklQo0HRpz33d9EU5NFU5JcXFzt6e5LVpQBR58ER55QWZWBgYHh2+XEuM3l3+eQkJDi4uKVQnYYAAAAAWJLR0QAiAUdSAAAAAd0SU1FB+EICgIQLUKYU2gAAAClSURBVBjTY2DABxiZ4EwmRoQwMwsrG5TJxsrCDhPm4OTi5mFg4OXjZ2AQEBQS5oCKiwiKijGIS0hKScvIMsiJCorANMgrKDIoSYGAMoOigjyyzSqqQFE1dQ1NNBdpaUtJ6ejq6umjiRsYGhnr6uqamCILgsw30wUBc2TzRQQtxBgsrax1bWwtGeQs4O7h4LQTBbrf3sER6H4hJ7j70fzrTDB8sAAAYlUOt0AYA0IAAAAldEVYdGRhdGU6Y3JlYXRlADIwMTctMDgtMTBUMDI6MTY6NDUrMDA6MDDrGYzYAAAAJXRFWHRkYXRlOm1vZGlmeQAyMDE3LTA4LTEwVDAyOjE2OjQ1KzAwOjAwmkQ0ZAAAAABJRU5ErkJggg==